movingindex,0,0,6,0
yellow,0,11,0,0
four,0,0,0,1
catch,0,0,1,1
prefix,0,15,0,3
sleep,0,0,14,0
dirnam,0,12,7,9
whose,0,1,0,2
votes,0,0,13,0
accur,0,0,0,1
const,0,1,6,1
backup,0,0,0,2
statisticsfil,0,0,0,1
deviat,0,2,1,2
dicttempl,0,0,0,3
merchant,0,0,0,5
loadinputfil,0,0,0,5
digit,0,5,0,0
subwindow,0,0,96,0
everi,0,0,0,1
downstream,0,3,0,0
printerror,0,0,0,7
outtabl,0,0,0,83
rise,0,5,0,0
mheader,0,11,0,0
newaxi,0,0,5,0
romain,0,0,3,0
figs,0,3,0,0
maxmean,0,0,4,0
govern,0,0,16,0
measuredist,0,3,0,0
isdir,0,1,1,8
cmi,0,16,0,0
crops,0,0,1,0
cmd,0,11,0,0
datatoplantcv,0,0,0,1
upload,0,1,14,0
correct,0,10,0,2
rgbimg,0,9,0,0
vector,0,0,2,14
math,0,21,4,9
cmy,0,5,0,0
cmx,0,58,0,0
indices,0,1,0,0
makepubl,0,0,0,1
apertur,0,1,0,1
hori,0,14,0,0
objcomp,0,8,0,0
naiv,0,17,0,0
seper,0,6,0,1
direct,0,11,0,11
outputpath,0,0,0,12
second,0,8,2,2
aggreg,0,4,0,8
estimated,0,5,0,0
panda,0,2,0,3
blue,0,25,0,2
errors,0,1,0,0
convertcolor,0,0,0,9
neg,0,6,0,1
bmed,0,0,0,2
bname,0,0,0,3
checknul,0,0,0,4
above,0,34,0,0
blur,0,31,0,14
new,0,16,18,4
net,0,0,0,1
metadata,0,150,0,10
getsiz,0,0,3,0
ccg,0,0,0,2
zack,0,1,0,0
mec,0,1,0,0
mem,0,0,4,0
jobnam,0,0,0,22
createdb,0,0,0,1
mew,0,1,0,0
avi,0,0,0,2
path,0,423,274,178
ttest,0,0,0,8
rapha,0,0,12,0
exdax,0,0,0,21
guassian,0,1,0,0
k,0,26,32,13
stratifiedshufflesplit,0,0,1,0
progressbar,0,0,2,0
precis,0,0,2,0
datetim,0,73,0,9
meshgrid,0,0,1,0
ichmod,0,0,0,1
statsfil,0,0,0,6
classification,0,0,6,0
exclust,0,0,0,8
endsingl,0,0,2,0
linesep,0,20,0,0
unix,0,9,0,0
ymin,0,13,0,0
unit,0,1,0,0
extrapol,0,0,0,9
plot,0,559,0,0
phenofront,0,18,0,0
describ,0,0,2,0
would,0,3,0,5
init,0,0,7,18
call,1,6,0,7
subkey,0,0,0,12
recommend,0,2,1,0
type,0,155,192,730
annotations,0,0,16,0
fromarray,0,0,3,0
naive,0,30,0,0
relat,0,1,1,1
notic,0,0,16,0
warn,0,7,3,0
hole,0,0,3,0
hold,0,2,1,0
deuxpi,0,0,3,0
must,0,19,4,19
me,4,0,0,0
md,5,0,0,0
join,6,429,9,54
err,0,0,0,116
restor,0,0,0,2
mm,0,4,0,0
ml,0,0,0,1
setup,0,1,2,6
work,1,7,15,11
mi,0,0,8,0
strerror,0,2,0,0
mu,0,0,0,1
fahlgren,0,1,0,0
ms,0,1,0,0
tablestr,0,0,0,9
meanclust,0,0,0,4
my,0,2,0,0
mx,0,38,10,0
mz,0,8,0,0
overrid,0,0,1,0
svsubset,0,8,0,0
conf,0,0,2,199
give,0,0,0,2
cfeatur,0,1,0,0
indic,0,3,0,0
filtrat,0,0,0,1
eexist,0,0,0,1
want,0,6,0,12
times,0,0,2,0
cartag,0,1,0,0
end,1,34,17,4
quot,0,1,0,0
hol,0,0,8,0
dateformat,0,0,0,10
feature,0,35,0,1
classifi,0,12,11,0
fals,0,121,118,68
conn,0,0,158,201
env,0,25,0,3
verifi,0,1,1,0
config,0,0,3,133
stageout,0,0,0,1
collaps,0,1,0,0
description,0,25,10,0
tablenam,0,3,0,10
shap,0,8,0,0
lab,0,32,0,14
wrong,0,3,0,0
fheader,0,5,0,0
arco,0,8,0,0
arch,0,0,0,18
parallel,0,3,22,0
averag,0,67,1,0
reshap,0,1,2,9
projet,0,0,1,0
attempt,0,1,0,7
interpol,0,0,30,0
isvalid,0,0,0,9
credenti,0,0,14,0
lost,0,0,0,1
exclud,0,1,2,12
jobdir,0,12,0,0
recompil,0,1,0,0
maintain,0,0,0,1
green,0,24,0,1
exclus,0,0,0,1
first,2,18,2,8
order,2,21,4,25
ec,0,0,3,0
operations,0,0,0,2
origin,0,11,5,1
composit,0,16,0,0
despit,0,0,0,1
xlim,0,5,0,0
totalangl,0,5,0,0
orang,0,1,0,0
jpeg,0,1,0,1
trrep,0,0,2,0
uninterest,0,0,0,1
schemalocation,0,0,0,4
copyright,0,0,48,0
cumsum,0,0,1,0
ima,0,0,6,0
contourarea,0,2,0,5
clo,0,0,1,0
img,0,1596,24,36
fix,0,1,7,7
cmetadata,0,2,0,0
imgpath,0,11,0,0
fetchal,0,3,0,1
fig,0,43,0,0
mediapytn,0,0,0,1
xc,0,0,14,0
fin,0,16,0,0
easier,0,1,0,0
fil,8,44,4,4
fim,0,0,0,2
cpickl,0,0,2,0
colorpac,0,0,1,0
fragment,0,0,0,4
enrich,0,0,1,0
colorfilt,0,0,0,3
rectangl,0,36,0,0
break,0,5,4,1
minpointforsimplifi,0,0,2,0
structural,0,0,0,1
choic,0,0,2,0
balancedavg,0,6,0,0
createreplica,0,0,0,4
l,0,68,52,17
rangrang,0,0,4,0
imageinstance,0,0,1,0
closedb,0,0,0,1
timeout,0,0,8,0
debug,0,762,1,0
extractminenclosingcircl,0,0,0,1
higher,0,2,0,0
eacc,0,0,0,1
side,0,13,1,3
mean,0,41,22,19
liblinear,0,0,5,0
floodfill,0,0,0,1
proportion,0,0,1,0
vote,0,0,8,0
lifter,0,16,0,0
whit,0,10,0,0
extract,0,14,50,86
xp,0,0,9,0
ru,0,2,0,0
rp,0,3,0,0
smx,0,12,0,0
gradient,0,4,0,9
xv,0,0,6,0
rx,0,2,0,0
ry,0,1,0,0
rz,0,1,0,0
morpholog,0,3,6,10
re,0,0,0,10
rf,0,0,2,0
adapt,0,4,8,8
smi,0,12,0,0
reader,0,1,45,0
rm,0,4,0,0
bordertyp,0,0,0,21
linear,0,0,3,0
cytomin,0,0,215,0
midpoint,0,6,0,0
free,0,0,0,10
infil,0,8,0,4
vstack,0,17,5,0
linetype,0,15,0,0
hand,0,2,0,0
gblur,0,8,0,0
returnbound,0,0,0,6
startx,0,0,6,0
angl,0,68,27,0
traceback,0,3,0,6
filter,0,71,11,34
isi,0,0,0,18
fuse,0,2,0,0
iso,0,0,1,0
isl,0,40,0,0
onto,0,1,0,1
ste,0,0,1,0
rand,0,6,5,0
rang,2,69,22,46
ranf,0,0,3,0
gradi,0,0,0,1
features,0,12,6,0
sobel,0,14,0,2
independ,0,2,0,1
system,0,1,2,6
restrict,0,5,0,0
alreadi,0,0,8,6
wrapper,0,0,0,15
thick,0,2,0,0
agre,0,0,16,0
ignorecas,0,7,0,0
primari,0,3,0,2
top,1,51,4,3
equ,0,8,0,0
sometim,0,1,0,0
maxprob,0,0,8,0
downsiz,0,2,0,0
master,0,2,0,0
skipfirst,0,0,0,3
generatebin,0,0,0,2
knn,0,0,0,4
namespac,0,0,0,23
tool,0,1,1,0
took,0,3,0,0
ntim,0,0,28,0
loaddb,0,0,0,2
distance,0,5,0,0
conveni,0,0,0,6
target,0,1,106,6
provid,0,3,2,6
targetimg,0,1,0,0
tree,0,0,15,0
rate,0,0,8,0
intyp,0,0,0,10
project,0,0,178,1
classer,0,0,2,0
classes,0,0,11,0
finalvi,0,2,0,0
countor,0,1,0,0
walia,0,0,0,1
mini,0,0,0,10
rad,0,0,3,0
ran,0,0,0,1
minb,0,0,0,3
spectrum,0,1,0,1
ming,0,0,0,3
minx,0,0,0,10
raw,0,5,47,21
chmod,0,0,0,8
seed,0,1,2,12
increment,0,3,0,0
normalizebyintens,0,0,0,1
objectfind,0,0,9,0
maxx,0,0,10,14
nimag,0,0,12,0
ktype,0,0,0,7
maxr,0,0,0,3
smooth,0,0,0,2
filterstr,0,0,0,2
indexes,0,3,0,0
caliperlength,0,1,0,0
fname,0,4,0,19
maxb,0,0,0,3
ypo,0,0,12,0
even,0,3,0,5
nonzeroy,0,2,0,0
nonzerox,0,2,0,0
usernam,0,0,0,6
object,0,317,19,7
landmark,0,43,64,0
regular,0,1,1,0
canni,0,0,0,4
scripts,0,0,0,1
typ,0,76,38,3
everyth,0,0,0,1
doi,0,0,0,1
simplif,0,0,1,0
targetfold,0,0,0,2
doc,0,0,0,28
partition,0,0,5,0
m,5,71,19,5
transax,0,1,0,0
xpo,0,0,15,0
points,0,19,1,0
thresh,0,59,2,19
whitebalance,0,8,0,0
dot,0,13,0,0
fluoresc,0,2,0,0
keyval,0,0,0,3
cutto,0,5,0,0
random,0,35,39,11
radiu,0,12,0,17
proba,0,0,30,0
randow,0,0,1,0
loaddata,0,0,0,2
dirpath,0,15,0,5
dupl,0,14,0,0
contourchop,0,0,0,1
pkl,0,0,6,0
absolut,0,1,1,1
submit,0,0,0,27
explain,1,0,0,0
configur,0,0,4,6
apach,0,0,32,0
version,0,1,27,19
ptest,0,3,0,0
folder,0,12,6,14
rice,0,0,0,1
rectangle,0,9,0,0
windowx,0,0,0,1
monica,0,1,0,0
rgba,0,0,2,0
di,0,4,0,4
dd,0,2,0,0
likewis,0,0,0,1
db,0,84,9,138
stor,0,3,0,0
ceil,0,4,0,0
corr,0,0,0,4
dx,0,39,2,3
dy,0,24,0,2
report,0,9,0,2
dt,0,21,0,2
chanel,0,1,0,0
dp,0,1,0,0
bas,0,2,0,0
avgbas,0,12,0,0
fields,0,3,0,0
pixelcount,0,0,0,3
arclength,0,1,0,0
method,1,23,4,4
isexecut,0,0,0,1
reload,0,0,0,2
bad,0,10,0,0
bal,0,16,0,0
autothreshv,0,4,0,0
maxjob,0,0,0,1
validatedatad,0,0,0,2
loadbin,0,0,0,2
reference,0,7,0,0
detection,0,1,0,0
num,0,17,2,3
radius,0,0,0,1
rdwr,0,8,0,0
respons,0,0,0,5
imput,0,1,0,0
best,0,6,0,0
avgbase,0,2,0,0
databas,0,184,0,33
away,0,1,0,0
imgdir,0,15,0,0
filename,0,62,2,0
figur,0,11,0,0
score,0,5,0,0
dblist,0,0,0,2
drawn,0,3,0,0
approach,1,0,0,1
ire,0,3,0,2
attribut,0,2,2,0
accord,0,0,1,0
uniquebin,0,4,0,0
extend,1,2,8,0
newnam,0,14,0,0
confusion,0,0,4,0
xrang,0,0,27,1
wh,0,0,0,42
boundri,0,1,0,0
extens,0,15,1,9
microcontour,0,1,0,0
ws,0,0,18,0
complianc,0,0,16,0
extent,0,25,0,0
wp,0,0,14,0
packages,0,0,0,1
nirout,0,3,0,0
unr,0,0,0,7
cor,0,0,2,0
fvariabl,0,3,0,0
ndimag,0,1,8,0
cov,0,0,4,0
hashabl,0,0,0,2
howev,0,0,0,4
coprocess,0,16,0,0
roiwrit,0,0,0,3
rfind,0,0,3,0
cod,0,0,0,1
urls,0,0,1,0
logic,0,0,0,18
rotateavg,0,4,0,0
loadoverwriteargu,0,0,0,2
com,0,2,34,2
col,0,138,2,34
dropna,0,0,0,1
con,0,0,0,1
pre,0,18,0,0
thresholdedavg,0,2,0,0
ontolog,0,0,5,0
minpoint,0,0,3,0
height,0,95,175,35
heirarchi,0,3,0,0
anova,0,0,0,12
cytominetil,0,0,4,0
wider,0,0,0,1
diff,0,5,6,0
assum,1,1,0,7
nonsens,0,1,0,0
union,0,0,170,0
numpi,0,161,13,17
three,0,1,0,3
overal,0,1,3,0
interest,0,8,1,4
basic,0,1,0,0
expected,0,0,2,0
thres,0,14,0,0
isjob,0,0,0,2
xxx,0,0,10,0
anchorx,0,0,0,2
multithread,0,0,2,0
jobhom,0,0,0,29
sldc,0,0,1,0
child,0,0,0,4
unfilt,0,2,0,0
anchori,0,0,0,2
ident,0,0,0,1
gnu,0,0,0,20
localmax,0,2,0,0
properti,0,7,8,0
privatekey,0,0,11,0
n,3,96,167,141
remi,0,0,8,0
calcul,0,24,0,19
avgnormtvdata,0,14,0,0
balance,0,3,0,0
anchor,0,0,0,16
iy,0,101,0,0
ix,0,95,0,0
imgproc,0,0,0,103
iz,0,21,0,0
cont,2,2,0,0
svbase,0,52,0,0
ip,0,0,5,0
is,0,2,1,0
it,0,0,1,2
ih,0,0,0,128
hoyoux,0,0,2,0
kwarg,0,3,0,0
im,0,0,47,8
io,0,5,0,1
in,0,16,0,1
id,0,272,427,74
sever,0,1,2,1
if,0,2,0,0
roifil,0,0,0,4
perform,0,8,5,10
make,0,43,3,3
mayb,1,0,0,0
outsid,0,2,0,6
complex,0,0,0,4
split,4,83,28,46
filtered,0,14,2,0
rownum,0,0,0,3
complet,0,10,0,0
closeconnect,0,0,0,3
addannot,0,0,1,0
filenames,0,5,0,0
fairli,0,0,0,1
rais,0,47,8,50
bdata,0,0,0,4
nir,0,163,0,0
gaussianblur,0,1,0,4
kept,0,26,1,2
horizotn,0,2,0,0
min,0,28,134,18
thr,0,0,2,0
client,0,0,3,0
the,0,1,0,0
left,0,43,4,47
identifi,0,17,26,10
kheight,0,0,0,3
just,0,2,0,0
savefig,0,11,0,0
photo,0,2,0,0
rotated,0,10,0,0
imgprocfil,0,0,0,1
fact,0,0,0,1
human,0,0,5,0
classifiermixin,0,0,2,0
accuraci,0,0,0,10
languag,0,0,16,0
previous,0,0,0,1
candidate,0,0,5,0
notfilt,0,5,0,0
bnk,0,17,0,0
opencv,0,1,3,28
els,3,189,54,227
save,0,52,70,35
gavg,0,2,0,0
opt,0,6,230,0
applic,0,0,17,0
maskdir,0,20,0,0
maxval,0,3,1,0
textwrap,0,0,0,11
posx,0,0,7,0
fusion,0,1,0,0
bbox,0,2,0,0
background,0,169,1,2
unique,0,10,0,0
updatev,0,0,0,4
validateannot,0,0,3,0
autothresh,0,2,0,0
pyxitsuggestedtermjobservic,0,0,3,0
semi,0,0,0,1
specif,0,0,17,6
filenam,0,207,28,1
arbitrari,0,0,0,1
negat,0,1,0,0
zoom,0,38,72,0
colnum,0,0,0,3
randnum,0,2,0,0
confid,0,0,3,0
www,0,0,32,9
right,0,49,5,41
old,0,0,5,0
deal,0,1,0,0
xintercept,0,24,0,0
manual,0,0,0,1
interv,0,8,0,0
caliper,0,37,0,0
percentag,0,1,0,1
intern,0,3,2,3
maxit,0,0,0,4
flatten,1,0,10,1
avgnormnon,0,10,0,0
cnt,0,33,0,16
txt,0,28,20,0
forcibl,0,1,0,0
for,0,0,11,0
bottom,0,43,1,0
flush,0,0,1,0
validatebas,0,0,0,2
track,0,3,0,2
condit,0,2,16,2
localhost,0,0,7,0
core,0,3,7,4
plt,0,70,0,0
colormap,0,3,0,0
repository,0,0,3,0
posi,0,0,6,0
convexhul,0,1,0,1
corn,0,2,0,0
barcode,0,40,0,0
gmtime,0,0,3,0
bindep,0,0,0,8
hsv,0,53,5,12
fileobj,0,2,0,0
posy,0,0,1,0
keeper,0,2,0,0
post,0,18,24,0
super,0,0,0,5
obj,0,193,11,0
rb,0,0,1,0
beta,0,0,13,0
o,0,68,0,4
unioncommand,0,0,6,0
algo,0,0,9,0
commit,0,0,0,32
metricindex,0,0,0,3
getrotationmatrix,0,1,0,0
produc,0,0,3,0
contains,0,0,1,0
treatmentcomp,0,0,0,4
basenam,0,0,4,38
float,0,24,11,3
encod,0,0,2,0
bound,0,102,13,7
copydb,0,0,0,4
down,0,0,2,0
wrap,0,0,0,2
storag,0,0,1,9
often,0,1,0,1
accordingli,0,0,0,2
subwindows,0,0,3,0
support,0,4,0,4
bmean,0,0,0,2
transform,0,11,11,2
removedsnapshot,0,14,0,0
avail,0,1,3,0
width,0,47,167,30
quiet,0,0,1,0
way,0,0,1,3
analysi,0,11,1,3
head,0,42,0,4
correctedimg,0,6,0,0
form,0,1,0,8
forc,0,8,0,0
cfeatures,0,1,0,0
kpsh,0,4,0,0
shoot,0,0,0,3
maxim,0,0,0,2
greenmedian,0,0,0,1
labelnam,0,0,0,3
true,0,61,107,202
maskdiff,0,2,0,0
reset,0,34,5,0
tilemean,0,0,7,0
signalhead,0,3,0,0
inside,0,0,1,0
maximum,0,7,12,7
dens,0,0,0,6
validatedata,0,0,0,2
ncol,0,8,0,0
delete,0,0,5,0
classif,0,0,18,0
featur,0,92,23,1
logerror,0,0,0,1
outfilepath,0,3,0,0
fromstr,0,0,1,0
exist,0,88,10,75
measurementlabel,0,1,0,0
erode,0,3,5,0
sharedf,0,0,0,1
check,0,26,13,18
linearsvc,0,0,3,0
exced,0,8,0,0
moduleauthor,0,0,0,1
wmask,0,5,0,0
no,0,7,0,2
na,0,58,0,1
nb,0,6,46,0
tip,0,8,0,0
rs,0,0,3,0
nf,0,0,0,2
til,0,0,2,0
tim,0,58,0,2
signalnormbas,0,10,0,0
np,0,749,258,101
tie,0,2,0,0
createextract,0,0,0,2
loadlemnadata,0,0,0,2
roll,0,1,0,0
node,0,0,13,0
avgnormsign,0,12,0,0
extrema,0,0,7,0
pseudolandmarks,0,4,0,0
stringio,0,0,1,0
lencontour,0,4,0,0
update,0,0,32,0
nosvm,0,0,1,0
traindata,0,0,0,5
intens,0,23,0,12
consid,2,0,3,8
sql,0,24,0,17
cepha,0,0,5,0
equidist,0,2,0,0
receiv,0,0,0,5
longer,0,1,0,0
statscolumn,0,0,0,10
salt,0,0,0,1
endsingle,0,0,2,0
pseudo,0,58,0,0
ignor,0,0,0,1
scharr,0,15,0,0
time,0,98,77,6
push,0,12,0,0
lastrowid,0,0,0,6
roi,0,326,112,102
imageload,0,0,0,4
stratifiedkfold,0,0,3,0
normsignalheaders,0,2,0,0
chain,0,46,0,3
markerback,0,5,0,0
global,0,1,1,0
datum,0,12,0,0
imgtyp,0,37,0,0
pval,0,0,0,6
supplement,0,1,0,0
returnlist,0,0,0,7
rot,0,0,7,0
osg,0,0,0,37
row,0,340,2,180
decid,1,0,0,0
middl,0,2,0,0
depend,0,0,0,40
extractpixel,0,0,0,2
graph,0,10,0,0
intermedi,0,4,0,0
logisticregress,0,0,4,0
classersum,0,0,3,0
ven,0,0,8,0
larg,0,0,1,0
loadjoboutput,0,0,0,4
isinst,0,3,0,15
coor,0,36,0,0
sourc,0,2,0,0
string,0,7,59,29
rawfil,0,0,0,29
lrl,0,0,4,0
fitellips,0,3,0,0
enviorn,0,0,0,1
cyan,0,1,0,0
datetime,0,6,0,0
exact,0,1,0,1
dil,0,10,2,1
dim,0,96,9,0
imageinstancecollect,0,0,2,0
level,2,0,28,0
spacer,0,2,0,0
iter,0,4,17,11
p,0,75,239,1
statu,0,0,60,12
pseudocolored,0,2,0,0
section,0,0,2,0
round,0,2,10,0
dir,0,28,43,6
markstack,0,2,0,0
upper,0,1,0,5
be,0,0,9,0
lstrip,1,0,0,0
sign,0,24,0,0
loaddatavalu,0,0,0,2
ipynb,0,1,0,0
fvfm,0,45,0,0
jobid,0,0,1,0
sp,0,0,0,3
pyplot,0,15,0,0
current,2,16,57,19
directorysetup,0,0,0,1
rowbin,0,5,0,0
shared,0,0,3,5
mp,0,2,5,0
xml,0,0,0,11
colbin,0,5,0,0
validateord,0,0,0,2
deriv,0,10,0,89
fmax,0,42,8,0
gener,1,8,5,22
v,0,90,64,0
datacolumn,0,2,0,0
satisfi,0,0,0,1
downloaded,0,3,0,0
chunksfactor,0,3,0,0
postclassif,0,0,5,0
splice,0,1,0,0
along,0,9,0,6
framealpha,0,1,0,0
resizeself,0,0,0,1
normsignalhead,0,4,0,0
wait,0,0,0,3
box,0,2,31,3
derivedpath,0,0,0,30
tvbase,0,52,0,0
shift,0,9,1,4
avgnormsvdata,0,14,0,0
yrang,0,3,0,0
delimiter,0,5,0,0
bp,0,3,0,0
validateargumentlist,0,0,0,2
repositori,0,0,38,0
nonebas,0,48,0,0
dtype,0,74,22,4
modul,0,2,0,17
pyxitclassifi,0,0,19,0
tileextractionexcept,0,0,3,0
tilecach,0,0,1,0
logical,0,24,1,3
outhead,0,0,0,10
marker,0,64,0,0
createsit,0,0,0,4
validonli,0,0,0,10
installdir,0,0,0,10
eccentr,0,7,0,0
regex,0,22,0,0
allfiles,0,1,0,0
memori,2,0,2,0
bx,0,6,0,0
thre,0,4,0,0
rhist,0,0,0,2
connector,0,0,1,0
handler,0,12,0,0
criteria,0,4,1,11
msg,0,0,4,0
black,0,33,0,6
oftentim,0,1,0,0
caliperfit,0,1,0,0
reorder,0,0,1,0
rangrange,0,0,2,0
baseestim,0,0,2,0
enhanc,0,0,1,0
visual,0,1,2,0
olivi,0,0,1,0
datacol,0,8,0,0
nonsharedf,0,0,0,1
vmax,0,2,0,0
adduserjob,0,0,5,0
totalrecogn,0,0,3,0
filebas,0,3,0,0
subed,0,6,0,0
prepar,0,0,1,0
flu,0,57,0,0
flt,0,2,0,0
cat,0,4,0,0
purge,0,0,0,2
descriptor,0,0,0,1
totallen,0,3,0,0
cam,0,4,0,0
purpos,0,0,1,6
ulg,0,0,34,0
nearest,0,0,3,4
cocamera,0,3,0,0
predict,0,0,112,0
bottomline,0,3,0,0
overlay,0,5,0,0
sample,0,8,3,0
pegasusid,0,0,0,78
plantcv,0,139,0,0
surround,0,0,1,2
occur,0,1,0,0
kwidth,0,0,0,3
normalize,0,0,0,2
datatoiap,0,0,0,1
multipl,0,6,3,5
signalavg,0,5,0,0
unsign,0,1,0,0
bgr,0,24,0,62
write,2,86,39,55
alway,0,0,0,2
scratch,0,0,0,16
tile,0,22,208,0
loadroiarg,0,0,0,6
tolist,0,5,2,2
snd,0,0,3,0
mar,0,0,16,0
mat,0,0,0,1
rgbtv,0,0,0,3
may,0,1,32,1
max,0,87,141,19
rmax,0,0,29,0
xtick,0,2,0,0
uint,0,76,14,20
date,0,82,0,109
shuffl,0,0,4,0
data,1,429,98,313
annotation,0,0,28,0
convertrefer,0,0,0,4
sy,0,32,38,7
sx,0,6,0,0
ss,0,7,0,0
sr,0,9,0,0
sq,0,58,0,0
randrang,0,4,0,0
sv,0,92,0,4
st,0,2,26,3
q,0,0,0,31
signalbase,0,8,0,0
si,0,9,0,0
sh,0,0,3,24
combin,0,4,0,4
block,32,1,0,4
sc,0,17,0,4
sb,0,9,0,0
filedata,0,0,0,6
binaryfilt,0,0,2,0
se,0,1,0,1
approx,0,24,0,3
hom,0,0,0,6
finalpath,0,0,0,7
xsup,0,0,6,0
still,1,1,0,0
lsx,0,1,0,0
rh,0,0,0,14
group,0,37,3,49
coordinates,0,0,1,0
returnhist,0,0,0,5
platform,0,0,0,1
window,0,22,84,13
ntre,0,0,18,0
main,3,101,55,0
into,0,0,1,0
non,1,226,11,7
outli,0,0,0,1
halt,0,0,0,2
cstringio,0,0,2,0
exangl,0,2,0,0
initi,1,12,10,5
ert,0,0,1,0
approxpolydp,0,0,0,1
half,0,1,10,0
not,0,9,1,4
sorted,4,1,0,0
bhist,0,0,0,2
predictionstep,0,0,7,0
term,0,1,202,9
name,1,150,19,160
drop,0,90,1,2
linspac,0,2,0,0
separ,1,3,1,3
originalfilenam,0,0,1,0
tobyt,0,0,2,0
imgtype,0,31,0,0
updat,0,4,1,22
attributeerror,0,0,1,0
compil,0,9,0,0
eh,0,6,0,0
keycolumn,0,0,0,4
replac,1,32,17,28
individu,1,5,1,5
argspars,0,1,0,0
continu,0,5,6,1
snapshots,0,13,0,0
indice,0,10,0,0
redistribut,0,0,0,5
ysup,0,0,6,0
ex,0,2,0,28
et,0,1,8,0
dirname,0,1,0,0
ep,0,0,0,2
er,0,9,3,0
vsplit,0,3,0,0
bly,0,5,0,0
blx,0,7,0,0
space,0,2,1,2
astyp,0,17,11,12
nbviewer,0,1,0,0
factory,0,12,0,0
writecolor,0,0,0,8
coresult,0,2,0,0
imgid,0,2,0,0
bli,0,4,0,0
extractal,0,0,0,1
finalfeatur,0,9,0,0
genotyp,0,1,0,37
factori,0,79,0,3
namelist,0,12,0,0
hull,0,24,0,8
runtimeerror,0,15,0,0
getcwd,0,3,3,0
argu,0,124,0,0
argv,0,2,27,0
thresholdtyp,0,0,0,9
lmk,0,12,0,0
bayes,0,23,0,0
ori,0,131,13,0
org,0,1,16,24
createimagehead,0,0,2,0
raster,0,0,4,0
training,0,2,0,0
frequenc,0,1,1,0
fromtimestamp,0,6,0,0
utyp,0,0,0,2
turn,0,6,19,0
dectector,0,0,1,0
condorpool,0,0,0,4
place,0,0,0,1
lambda,1,5,0,16
oper,0,10,0,18
bline,0,5,0,0
xh,0,0,4,0
xi,0,4,0,0
rint,0,8,0,0
demotu,0,2,0,0
fg,0,27,0,0
sqlit,0,1,0,0
one,1,17,9,19
xx,0,1,0,0
xy,0,12,3,0
simplified,0,0,2,0
fast,0,0,0,1
xr,0,0,11,0
array,1,196,35,24
open,4,61,18,35
xt,0,0,12,0
size,0,93,40,18
given,0,4,13,22
law,0,2,16,0
gif,0,0,0,1
fl,0,0,2,0
distancetransform,0,1,0,0
imshow,0,4,0,1
numpoints,0,1,0,0
equalizecolor,0,0,0,1
cumul,0,1,1,0
params,0,6,1,0
circl,0,69,4,8
loaddatad,0,0,0,2
white,0,79,1,0
nmodel,0,0,1,0
ndmin,0,0,1,0
subplot,0,3,0,0
hue,0,17,13,0
especi,0,1,0,0
public,0,0,71,16
copi,0,95,19,24
specifi,0,17,5,84
padding,0,14,0,0
skimag,0,2,0,0
loadjobinput,0,0,0,5
enclos,0,0,0,2
mostli,0,1,0,0
datamap,0,0,0,16
png,0,269,16,18
serv,0,0,0,12
loadroi,0,0,0,7
selectmask,0,2,0,0
future,0,6,0,0
balanc,0,7,0,0
posit,0,38,46,8
tophat,0,0,0,3
seri,0,2,0,0
and,0,37,3,12
lowest,1,0,0,0
ang,0,23,4,0
binaryimage,0,8,0,0
ann,0,0,22,0
argument,0,30,10,167
prj,0,0,9,0
getpass,0,0,0,2
say,0,0,0,2
style,0,0,0,1
measur,0,2,0,0
notimplementederror,0,0,1,0
ambigu,0,0,0,2
sat,0,0,5,0
vobj,0,2,0,0
bitwis,0,5,0,0
randomdir,0,0,0,2
squar,0,10,1,0
note,0,3,1,1
other,0,11,1,0
ideal,0,2,0,0
take,0,15,4,0
interior,0,0,7,0
destroy,0,0,0,4
noth,0,0,2,1
channel,0,308,8,44
begin,0,0,1,1
sure,0,7,0,2
snapshotinfo,0,9,0,0
padmaxx,0,0,0,1
normal,0,9,0,17
multipli,0,12,0,2
valmax,0,2,0,0
libsvm,0,0,3,0
sqlitedb,0,6,0,0
padmaxi,0,0,0,1
pair,0,5,0,0
pptest,0,8,0,0
cytominetilebuild,0,0,2,0
renam,0,81,0,0
hmax,0,7,0,0
average,0,15,0,0
later,0,0,1,5
forestgreen,0,1,0,0
axe,0,20,0,0
axi,0,54,0,1
sigma,0,0,0,1
slope,0,9,0,0
sizemark,0,1,0,0
serializ,0,0,1,0
show,0,17,0,3
fastqc,0,2,0,0
subprocess,0,1,0,2
bright,0,1,0,2
permiss,0,0,16,1
hack,0,2,0,0
threshold,0,137,5,56
corner,0,4,0,0
help,0,129,208,1
homology,0,2,0,0
onli,0,1,1,1
ratio,0,0,17,6
datahead,0,0,0,24
arglist,0,0,0,12
tozero,0,0,0,4
activ,0,1,0,0
state,0,1,3,32
hierarchy,0,28,0,0
only,0,4,2,0
dict,0,43,3,23
analyz,0,13,2,2
tessman,0,1,0,0
analys,0,3,0,0
startswith,1,0,0,0
addpfn,0,0,0,3
get,0,115,101,7
tablenohead,0,9,0,0
totalsamples,0,0,2,0
destroyallwindow,0,0,0,1
getid,0,0,0,3
repo,0,0,10,0
readimag,0,13,5,0
repl,0,0,0,1
ssh,0,0,0,3
totrep,0,0,1,0
ssd,0,2,0,0
requir,0,3,16,255
multipolygon,0,0,1,0
mapper,0,0,0,3
median,0,42,5,10
email,0,0,0,7
predicted,0,0,2,0
xmax,0,5,0,0
whera,0,0,0,1
where,0,13,0,0
kernel,0,39,4,24
wrapp,0,0,0,3
findse,0,0,0,7
minmax,0,0,0,1
plotter,0,12,0,0
validateworkflow,0,0,0,4
um,0,0,1,0
gdata,0,0,0,4
detect,0,42,21,7
parent,0,0,6,4
imarr,0,2,0,0
avgnormtv,0,12,0,0
review,0,0,16,0
enumer,0,90,4,23
label,0,67,0,38
hist,0,168,0,48
getattr,0,0,1,0
import,0,521,180,59
eros,0,2,1,0
across,0,2,0,0
spars,0,0,2,0
jobs,0,3,13,0
removedvi,0,7,0,0
jt,0,0,1,0
comp,0,9,0,60
screen,0,50,0,0
intabl,0,0,0,78
imc,0,0,10,0
getcoord,0,0,3,0
come,0,0,1,1
pixels,0,0,0,1
minidom,0,0,0,3
fit,0,4,21,5
crawl,0,0,0,11
region,0,5,2,8
groupbi,0,12,0,0
flipped,0,8,0,0
s,3,29,92,16
sklearn,0,0,23,0
decimals,0,2,0,0
clf,0,9,16,0
minima,0,1,0,0
color,0,238,0,111
pow,0,0,6,0
pot,0,2,0,5
pos,0,8,6,0
pop,0,0,2,0
pol,0,0,6,0
iterations,0,2,0,0
poi,0,0,9,0
typic,0,2,0,0
poli,0,0,1,0
tableexist,0,0,0,3
better,0,1,1,1
stretch,0,0,0,1
invert,0,18,1,2
invers,0,6,0,8
mark,0,7,0,0
pegasu,0,0,0,47
coout,0,3,0,0
valueerror,0,6,3,0
bmc,0,2,0,0
direction,0,4,0,0
addfil,0,0,0,24
resolut,0,6,4,0
bmp,0,0,5,0
findal,0,0,0,5
thing,0,0,0,1
hasattr,0,0,1,0
datet,0,0,0,3
case,0,0,0,8
createsetup,0,0,0,3
sit,0,0,0,3
rasterize,0,0,2,0
rbreak,0,4,0,0
mount,0,0,0,6
rtype,0,0,0,18
medianblur,0,1,0,4
colorbar,0,18,0,0
cast,0,3,0,0
invok,0,0,0,3
subtractor,0,3,0,0
argpars,0,61,1,0
orientation,0,1,0,0
stdout,0,0,2,0
metric,0,1,2,13
allpaths,0,1,0,0
parse,0,25,10,0
cluster,2,46,1,25
endswith,0,0,9,0
shutil,0,18,0,13
binary,0,43,6,1
different,0,1,0,0
imtyp,0,0,0,78
author,0,0,33,0
intermediari,0,0,0,2
imagetyp,0,4,0,0
binari,0,92,7,70
epoch,0,3,0,0
html,0,0,0,14
pad,0,2,2,12
lite,0,2,0,1
yc,0,0,12,0
status,0,0,32,2
finish,0,0,6,1
nest,1,0,0,0
firstday,0,3,0,0
offlin,0,0,3,0
hullp,0,3,0,0
skip,0,0,2,0
extern,0,0,4,4
bufferoverlap,0,0,14,0
appropri,1,5,0,5
descr,0,0,2,0
floor,0,0,2,0
without,0,4,19,13
components,0,0,1,0
coordinate,0,1,0,0
model,0,0,319,0
roughli,0,2,0,0
execut,0,46,0,174
among,0,0,1,0
nd,0,9,0,0
resp,0,0,3,0
innapropri,0,0,0,1
adjusted,0,11,0,0
rest,0,2,0,1
gehan,0,1,0,0
ch,0,174,0,2
clos,0,0,0,1
touch,0,1,1,0
resc,0,10,0,0
sampled,0,4,0,0
versu,0,1,0,0
staging,0,0,0,1
ny,0,0,9,0
pymeanshift,0,0,0,3
shootarea,0,0,0,4
except,0,24,31,74
param,0,347,2,128
rescal,0,13,1,0
blob,0,1,0,0
versa,0,1,0,0
finalsnapshot,0,2,0,0
pyxitstandalon,0,0,2,0
xend,0,0,0,19
real,0,0,5,0
moy,0,0,5,0
xaxi,0,2,0,0
around,0,7,2,2
datesep,0,0,0,3
read,10,49,9,4
mov,0,2,0,0
reassembl,0,1,0,0
dark,0,22,0,0
test,0,743,61,2
searchsort,0,0,4,0
addargu,0,0,0,1
grid,0,4,7,0
firstrow,0,0,0,4
threhsold,0,0,0,2
acute,0,23,0,0
arash,0,1,0,0
whitespac,0,2,0,0
cdot,0,0,0,3
integ,0,25,1,1
server,0,0,22,0
either,0,19,18,24
output,0,153,39,260
detectpeak,0,1,0,0
inter,0,7,0,0
vassilvitskii,0,0,0,1
imagej,0,1,0,0
tvy,0,4,0,0
tvx,0,10,0,0
kmean,0,0,0,3
knearest,0,0,0,2
yyyy,0,2,0,0
coordlist,0,6,0,0
respect,0,0,0,1
images,0,12,0,0
root,0,0,0,4
centerpoint,0,2,0,0
nonzero,0,2,2,20
subpars,0,4,0,0
slice,0,13,0,0
writedata,0,0,0,3
colorspac,0,13,35,0
definit,0,1,0,10
protocol,0,0,19,2
mkplots,0,6,0,0
chanelnam,0,4,0,0
exit,0,7,2,6
complic,0,0,0,1
refer,0,2,0,11
mare,0,0,22,0
mname,0,0,0,1
miscellaneous,0,0,0,2
imwrit,0,6,1,1
coordgroup,0,3,0,0
reimg,0,6,0,0
fulli,0,0,2,0
dumont,0,0,2,0
notif,0,0,0,4
intput,0,6,0,0
on,0,29,0,2
central,0,1,2,4
package,0,0,1,0
of,2,6,0,0
aco,0,4,0,0
totalsampl,0,0,3,0
chop,0,0,0,2
splitlin,0,1,0,0
degre,0,7,0,0
estimator,0,0,2,0
neighbor,0,2,2,8
os,0,510,57,101
maskpath,0,18,0,0
op,0,0,0,3
cplant,0,12,0,0
eval,0,0,0,4
image,0,218,110,0
rgbsv,0,0,0,3
morphtyp,0,0,0,6
strip,0,0,0,7
yyi,0,0,5,0
loc,0,2,4,46
log,0,10,0,17
area,0,160,48,18
overwrit,0,1,0,113
start,0,42,30,4
yintercept,0,16,0,0
low,0,6,0,10
lot,0,0,0,1
submiss,0,0,0,9
valley,0,16,0,0
linalg,0,0,2,0
tupl,0,23,1,35
amplifi,0,1,0,0
workfil,0,0,0,4
satur,0,20,0,0
getdata,0,0,2,0
categor,0,1,0,0
datasets,0,0,3,0
possibl,0,1,0,2
default,0,64,145,23
getthreshold,0,0,1,0
colorspace,0,0,12,0
mimetyp,0,2,0,0
signalheader,0,1,0,0
histplot,0,7,0,0
connect,0,102,97,15
aa,0,1,1,0
coimgtyp,0,2,0,0
ab,0,6,1,0
ae,0,0,1,0
ad,0,10,0,3
creat,0,44,20,36
filt,0,49,5,2
al,0,16,4,3
as,0,4,0,0
decreas,0,0,1,0
at,0,0,4,3
file,1,312,52,204
av,0,16,0,0
ax,0,21,0,0
proport,0,2,9,0
fill,0,24,1,6
incorrect,0,6,0,3
denot,0,3,0,0
googl,0,0,0,1
wpath,0,0,8,0
dimgray,0,1,0,0
getstructuringel,0,0,0,1
adaptivethreshold,0,1,1,4
multiclass,0,12,0,0
field,0,96,0,0
cleanup,0,1,0,1
objectfinder,0,0,1,0
spatial,0,0,0,8
vertex,0,14,0,0
morphologyex,0,0,0,3
peak,0,62,0,0
included,0,0,3,0
exedir,0,2,0,0
concav,0,1,0,0
pool,0,2,2,7
reduc,0,1,2,0
readimage,0,1,0,0
unload,0,0,0,1
directori,0,73,23,35
webservic,0,0,1,0
descript,0,22,0,0
maxvalue,0,18,0,0
raphael,0,0,20,0
plantbarcode,0,6,0,0
laplac,0,1,0,0
u,0,2,2,0
potenti,0,2,0,1
resolution,0,8,0,0
cpu,0,20,3,0
adag,0,0,0,2
represent,0,0,2,0
all,0,19,26,0
dist,0,82,0,1
ptb,0,16,0,0
pta,0,16,0,0
inplace,0,34,2,0
correl,0,0,0,9
pointpolygontest,0,5,0,0
nangl,0,2,0,0
follow,0,4,1,4
basemin,0,0,0,10
disk,0,0,1,0
pts,0,12,0,0
scp,0,0,0,2
alp,0,0,1,0
athreshold,0,0,10,0
content,3,0,2,0
tx,0,0,2,0
ty,0,0,1,0
tv,0,72,0,2
centeri,0,0,0,1
tr,0,0,1,4
ts,0,5,0,0
to,0,20,61,1
tail,0,1,0,0
program,0,7,0,1
imageextens,0,0,0,4
validatedb,0,0,0,5
rstrip,0,11,3,0
ylabel,0,3,0,0
td,0,9,0,0
buld,0,0,2,0
norm,0,60,4,3
mpd,0,14,0,0
liter,0,2,0,0
cytomineslid,0,0,3,0
vert,0,30,0,0
mindev,0,0,4,0
far,0,2,1,0
subcommand,0,3,0,0
mph,0,11,0,0
gz,0,0,0,5
util,0,0,25,2
candid,0,0,6,0
cstep,0,4,0,0
fall,0,5,0,8
lenclust,0,2,0,0
unsepcifi,0,0,0,1
wsi,0,0,8,0
sitecatalog,0,0,0,14
list,1,178,6,96
equalizehist,0,1,0,8
adjust,0,48,0,3
cosin,0,2,0,0
stderr,0,10,0,0
tostr,0,0,1,0
small,0,19,1,0
getdat,0,0,0,4
binhead,0,4,0,0
extractcolorchannel,0,0,0,2
dimens,0,25,0,2
benjamin,0,0,8,0
ten,0,1,0,0
unreview,0,0,3,0
imgsum,0,2,0,0
edu,0,0,0,16
dependenet,0,0,0,2
loadsql,0,0,0,1
zero,0,64,40,1
nbm,0,5,0,0
pass,0,32,8,17
knecht,0,0,0,1
bluemean,0,0,0,1
bilinear,0,0,4,0
validateftyp,0,0,0,2
xor,0,16,0,4
sub,0,1,26,0
clock,0,9,0,0
sum,0,19,18,5
overload,0,0,2,5
thickness,0,1,0,0
delet,0,4,6,0
abs,0,2,3,0
intersect,0,0,1,0
consecut,0,2,0,0
outdirectori,0,2,0,0
tchannel,0,2,0,0
contrast,0,1,0,0
sux,0,1,0,0
writeback,0,0,0,5
segmentation,0,0,1,0
full,0,0,3,0
variat,0,0,0,2
multiproc,0,4,0,0
standard,0,7,1,2
modifi,0,0,0,5
legend,0,4,0,0
valu,0,186,27,272
trunc,0,0,0,2
search,0,9,1,0
fwd,0,4,0,0
xstep,0,7,0,0
rotatecolor,0,0,0,1
fpath,0,0,0,3
prior,0,1,0,0
amount,0,0,0,2
writenam,0,0,0,11
pick,0,1,0,1
action,0,26,13,0
magnitud,0,0,0,1
cytomineread,0,0,4,0
signalbas,0,10,0,0
shuffle,0,0,3,0
verbose,0,1,20,0
readabl,0,1,0,1
fgmask,0,19,0,0
whitebal,0,8,0,0
vis,0,62,0,2
postiv,0,0,0,1
ystart,0,0,0,19
roiint,0,2,0,0
select,0,76,1,34
smal,0,13,0,0
idindex,0,0,0,2
distinct,0,7,0,6
destination,0,2,0,0
two,0,14,2,8
coverag,0,0,1,0
massag,0,0,0,1
ftype,0,0,0,5
bash,0,0,0,8
pseduocolor,0,1,0,0
demo,0,0,1,0
taken,1,3,0,0
genfromtxt,0,7,0,0
utils,0,0,1,0
minor,0,18,0,0
workflowfil,0,0,0,2
flat,0,3,0,0
desir,0,3,0,0
tester,0,7,0,0
abspath,0,3,0,6
corrected,0,5,0,0
csignal,0,2,0,0
flag,0,4,0,7
surface,0,1,0,0
particular,0,0,0,9
known,0,1,0,0
destin,0,4,1,0
cach,0,2,20,0
runinfo,0,13,0,0
none,2,225,101,74
endpoint,0,1,0,0
dep,0,0,0,1
rstep,0,4,0,0
dev,0,1,0,6
histori,0,1,0,0
objcolor,0,7,0,0
remain,0,1,0,0
del,0,2,0,2
tilebuild,0,0,2,0
learn,0,10,2,0
ndata,0,0,4,0
imagestat,0,0,6,0
def,2,263,82,200
deg,0,9,0,0
scal,0,12,0,0
scan,0,10,0,0
share,0,0,1,5
datafil,0,0,0,12
templat,0,3,3,59
iscolor,0,0,0,14
minimum,0,9,4,12
todict,0,0,1,0
magenta,0,10,0,0
axis,0,130,15,0
newlin,0,3,0,0
divid,0,7,1,2
rather,0,2,0,1
anoth,0,1,0,0
adjmask,0,0,0,4
divis,0,4,0,0
starti,0,0,6,0
extractbin,0,0,0,5
reject,0,0,1,0
csv,0,96,12,16
simpl,0,0,0,4
csr,0,0,4,0
fp,0,0,7,0
plant,0,133,0,17
bkg,0,14,0,0
resourc,0,1,0,17
fv,0,22,0,0
nums,0,2,0,0
fx,0,3,1,0
fy,0,3,1,0
openconnect,0,0,0,5
createt,0,0,0,9
par,0,0,15,0
outputfil,0,0,0,3
reflect,0,0,0,5
catalog,0,0,0,8
plane,0,2,0,0
fd,0,0,14,0
numb,0,12,0,0
oridir,0,4,0,0
fi,0,0,0,1
varianc,0,0,1,0
associ,0,3,0,0
fm,0,8,0,0
waitkey,0,0,0,1
a,0,10,1,0
github,0,3,0,0
histogrambin,0,0,0,9
ndepth,0,0,7,0
confus,0,0,4,0
stash,0,0,0,3
maxpr,0,0,10,0
caus,0,2,0,0
ycrcb,0,0,0,6
blueviolet,0,1,0,0
rotat,0,10,8,0
validateargumenttyp,0,0,0,2
erod,0,10,3,3
dsplit,0,1,0,0
installed,0,0,0,1
same,0,0,0,2
hierarchi,0,112,0,3
itr,0,6,0,0
paramet,0,2,690,2
addcolumn,0,0,0,24
imageprocessor,0,0,0,5
termed,0,0,1,0
brows,0,0,5,0
pcv,0,253,0,0
droso,0,0,5,0
might,0,2,1,0
alter,0,1,0,4
yh,0,0,4,0
scipi,0,2,12,1
return,0,384,80,263
walltim,0,0,0,14
timestamp,0,107,0,4
yval,0,5,0,0
nrowsorted,0,1,0,0
ye,0,8,8,0
jobnum,0,0,0,6
synopsi,0,0,0,1
pegasus,0,0,0,18
yp,0,0,11,0
yr,0,0,11,0
parenthesi,0,0,0,2
yv,0,0,6,0
channels,0,9,0,0
troubleshoot,0,1,0,0
resized,0,2,0,0
ife,0,3,0,0
token,0,0,0,20
radian,0,2,0,0
idimag,0,0,4,0
found,0,9,1,2
unicod,0,12,0,2
truncat,0,0,0,2
uniquechannel,0,6,0,0
idel,0,6,0,0
weight,0,0,0,20
tre,0,24,2,2
hard,0,0,0,1
procedur,0,0,0,2
heavi,0,0,1,0
extended,0,0,3,0
expect,0,2,1,1
xval,0,5,0,0
operation,0,0,0,10
addsoftwareproject,0,0,3,0
todo,0,0,1,0
event,0,1,0,0
columncount,0,6,0,0
barcod,0,6,0,0
item,0,12,0,10
asarray,0,13,8,0
ntimess,0,0,3,0
lemnadata,0,0,0,11
publish,0,0,4,5
abbasi,0,1,0,0
print,0,663,231,33
occurr,0,1,0,0
dirs,0,1,1,0
foreground,0,26,0,2
offsetx,0,3,0,0
guess,0,1,0,2
asc,0,10,0,0
base,0,23,116,49
put,0,4,0,1
rmed,0,0,0,3
offseti,0,3,0,0
rect,0,10,0,3
basi,0,0,16,0
thrown,0,0,0,3
thread,0,0,1,4
perhap,0,1,0,0
w,2,142,12,33
maxpt,0,3,0,0
assign,0,1,1,0
binval,0,2,0,0
parentcol,0,0,0,3
major,0,21,0,0
oserror,0,0,0,4
notifi,0,0,0,25
probability,0,0,1,0
prevent,0,8,0,0
misc,0,0,5,0
number,0,145,78,27
placehold,0,4,0,0
unvalid,0,0,1,0
done,2,10,7,5
construct,0,0,4,0
blank,0,7,0,1
shufflesplit,0,0,4,0
miss,0,3,6,0
lemnatec,0,3,0,3
gpl,0,0,0,1
differ,0,4,0,17
jet,0,4,0,0
script,0,8,2,53
interact,0,0,0,1
least,0,1,0,0
extractconvexhul,0,0,0,1
reqfil,0,0,0,3
passed,0,1,0,0
testpath,0,0,0,3
scheme,0,3,0,0
colnam,0,20,0,0
store,0,66,18,0
schema,0,5,0,12
shifted,0,3,0,0
xmln,0,0,0,4
option,0,94,299,75
blindli,0,1,0,0
part,0,4,0,8
pars,1,46,0,2
validatedepend,0,0,0,4
visrow,0,6,0,0
getgaussiankernel,0,0,0,1
copymakebord,0,1,1,0
reliev,0,0,1,0
std,0,0,6,0
timeinterv,0,5,0,0
kind,0,0,16,0
b,0,116,34,44
grep,0,0,0,4
remot,0,0,1,0
remov,0,44,10,25
grey,0,1,1,0
horizont,0,11,0,1
headers,0,14,0,0
pragma,0,0,0,10
str,0,720,78,122
keyboardinterrupt,0,1,0,0
toward,0,1,0,1
outtyp,0,0,0,7
maxarea,0,0,0,7
randomli,0,2,3,0
imtype,0,0,0,9
comput,0,2,5,6
sumlen,0,2,0,0
bitwise,0,21,0,19
mkplot,0,8,0,0
packag,0,1,1,0
plantnam,0,2,0,0
null,0,15,0,7
simag,0,0,6,0
built,0,0,3,0
lib,0,0,4,0
randint,0,0,3,3
lin,0,34,3,0
cropped,0,4,0,0
lik,0,2,3,0
liu,0,1,0,0
internal,0,0,8,2
tmpdir,0,99,0,0
folders,0,2,0,0
pipelin,0,76,4,0
added,0,8,0,0
extractcolordata,0,0,0,2
distribut,0,1,32,5
previou,0,2,0,0
reach,0,0,0,1
chart,0,1,0,0
addprofil,0,0,0,2
duart,0,1,0,0
alpha,0,12,42,0
amax,0,5,0,0
avgnormsv,0,12,0,0
metaimag,0,4,0,0
maxwalltim,0,0,0,23
exe,0,2,0,0
exc,0,1,0,3
kd,0,5,0,0
firstlin,0,0,0,9
vhull,0,3,0,0
ext,0,7,7,0
kv,0,3,0,0
addkeycolumn,0,0,0,2
xstart,0,0,0,19
blend,0,0,0,1
optionpars,0,0,10,0
distanc,0,28,4,0
gmean,0,0,0,2
sspt,0,3,0,0
colorhistogram,0,0,0,3
fine,0,1,0,0
find,0,37,11,12
cell,0,0,1,0
randn,0,3,0,0
noah,0,1,0,0
parameters,0,0,10,0
condor,0,0,0,2
posheight,0,0,5,0
penalty,0,0,2,0
failed,0,1,0,0
factor,0,11,5,2
circle,0,13,0,6
columns,0,10,0,0
tbox,0,0,6,0
triangle,0,14,0,0
palett,0,16,0,0
exposur,0,3,0,0
dbimportexport,0,2,0,0
express,0,1,16,1
similiarli,0,0,0,1
sigmay,0,9,0,8
sigmax,0,8,0,7
setdata,0,0,2,0
kneighborsclassifi,0,0,1,0
coord,0,34,3,0
acut,0,40,0,0
jobfil,0,0,0,2
underlying,0,0,1,0
clusternum,0,0,0,5
common,0,1,0,1
x,0,540,233,193
arr,0,26,0,2
set,0,25,26,71
dump,0,0,24,4
sep,0,12,0,2
writexml,0,0,0,3
var,0,0,1,0
see,1,9,38,14
pixelsself,0,0,0,1
arg,0,585,24,104
transpar,0,0,0,2
close,0,23,10,4
contour,0,342,2,29
colorbarbas,0,1,0,0
dateutil,0,1,0,0
visualize,0,1,0,0
someth,0,3,0,2
avgnormnone,0,2,0,0
smallest,0,16,0,0
imgavg,0,18,0,0
experi,0,8,0,8
loadnotifi,0,0,0,4
realnam,0,0,0,2
altern,0,1,0,2
writeimg,0,9,0,0
missing,0,5,0,0
numer,0,6,0,69
gethead,0,0,0,10
signalsplit,0,46,0,0
outfile,0,5,0,0
aggin,0,0,0,18
matplotlib,0,33,3,0
outfil,0,95,0,0
ipython,0,2,0,0
padmini,0,0,0,1
lightness,0,2,0,0
popul,0,2,0,3
both,0,15,0,0
c,0,139,52,24
last,4,6,0,0
delimit,0,10,0,0
license,0,0,16,1
makefig,0,2,0,0
imageid,0,4,3,0
createdax,0,0,0,4
erreur,0,0,5,0
pdf,0,58,0,0
whole,0,1,35,1
dateindex,0,0,0,2
load,2,19,29,78
simpli,1,1,1,3
point,0,165,57,16
instanti,0,1,2,0
header,0,139,0,78
linux,0,0,0,11
pp,0,0,0,5
vertic,0,18,3,0
pt,0,60,0,0
stamp,0,0,0,1
px,0,5,5,0
py,0,5,7,9
devic,0,674,0,0
due,0,0,1,0
laplacian,0,3,0,0
calchist,0,13,0,1
retr,0,24,1,6
pf,0,3,0,0
pd,0,45,0,0
swp,0,0,2,0
reformat,0,1,0,0
pi,0,2,3,0
po,0,23,10,3
pl,0,12,0,0
treatment,0,3,0,34
signalnormbase,0,14,0,0
samples,0,6,18,0
regroup,0,0,3,0
bgsub,0,3,0,0
imag,0,970,364,458
coordin,0,26,18,0
func,0,3,1,0
loaddatafil,0,0,0,2
morphometr,0,2,0,0
makedir,0,7,5,16
look,0,0,0,3
cpoint,0,1,0,0
solid,0,14,0,0
npred,0,0,8,0
executemani,0,0,0,4
abov,0,2,0,0
error,0,129,15,124
anonym,0,0,0,1
loop,0,3,2,1
propag,0,0,3,0
readm,11,0,0,0
ris,0,1,0,0
jpg,0,46,10,1
splithist,0,0,0,2
extractonli,0,0,0,1
verticalalignment,0,1,0,0
idsoftwar,0,0,1,0
kernal,0,4,0,0
savenam,0,4,0,0
baseline,0,1,0,0
belong,0,0,0,2
polyogn,0,0,1,0
instal,0,0,0,1
cbreak,0,4,0,0
pytest,0,14,0,0
ksize,0,23,0,22
ac,0,0,34,0
interpolation,0,5,11,0
extractdimensions,0,0,0,1
validatepath,0,0,0,2
optim,0,1,1,0
signalal,0,12,0,0
wherea,0,0,0,1
moment,0,15,0,14
temporari,0,2,0,1
user,0,23,86,0
lastid,0,0,0,12
aggregate,0,0,0,6
robust,0,0,0,1
wherev,0,2,0,0
stack,0,18,0,0
recreat,0,0,1,0
subpackag,0,1,0,0
lower,1,7,8,9
histavg,0,2,0,0
adaptivetyp,0,0,0,8
database,0,17,0,0
entri,2,2,0,2
analysis,0,67,0,1
extractlabel,0,0,0,1
pickl,0,0,27,0
edge,0,3,0,0
oneway,0,0,0,3
y,0,171,145,5
self,0,0,148,1453
treatmentt,0,0,0,6
npimg,0,1,0,0
reviewed,0,0,12,0
press,0,0,0,1
shape,0,268,78,30
findcontour,0,24,0,6
showgis,0,0,1,0
maskedhsv,0,2,0,0
cut,0,3,0,6
also,0,7,1,0
extra,0,0,2,0
minr,0,0,0,3
source,0,2,0,0
rgb,0,90,10,3
maxi,0,0,11,14
cub,0,0,5,0
win,0,22,0,0
snap,0,20,0,0
input,0,312,0,363
validatetransl,0,0,0,2
finder,0,0,2,0
build,0,7,41,0
bin,0,194,0,93
marco,0,1,0,0
splitpath,0,0,0,4
format,0,52,8,19
lexsort,0,1,0,0
prefer,0,0,0,1
ddepth,0,8,0,0
ipl,0,0,2,0
bit,0,21,1,0
extratreesclassifi,0,0,8,0
wholeslid,0,0,6,0
rotate,0,11,5,0
tvsubset,0,8,0,0
d,0,53,29,9
fluo,0,4,0,3
nsplit,0,2,0,0
signal,0,240,0,0
exdep,0,0,0,5
resolv,0,0,0,1
elaps,0,1,6,0
maxg,0,0,0,3
shapes,0,2,0,0
collect,1,1,1,0
arthur,0,0,0,1
api,0,0,11,0
nrowsort,0,1,0,0
gill,0,0,4,0
maskedsum,0,2,0,0
simplifi,0,0,14,0
creation,0,0,1,1
back,1,37,0,0
isfil,0,4,1,20
finalsnapshots,0,1,0,0
greenmean,0,0,0,1
sampl,0,12,18,0
mirror,0,0,1,0
scale,0,60,3,28
euclidian,0,2,0,0
poswidth,0,0,5,0
per,0,8,2,0
foreign,0,0,0,2
recognit,0,0,2,0
centroid,0,62,3,0
prog,0,0,10,0
leftmost,0,0,1,0
finalcorrect,0,10,0,0
t,0,119,26,32
machin,0,1,0,0
perc,0,2,0,0
bg,0,37,0,0
run,0,37,34,12
bn,0,16,0,0
confidence,0,0,2,0
funcnam,0,0,0,11
step,0,58,47,7
mgehan,0,2,0,0
otsu,0,18,1,4
subtract,0,44,0,1
by,0,5,12,0
working,0,0,115,0
idx,0,38,0,0
transpos,0,25,20,0
argsort,0,1,0,0
optpars,0,0,21,0
range,0,1,0,6
cmap,0,64,0,0
fmin,0,33,2,0
pred,0,0,10,0
greenmag,0,2,0,0
plan,0,0,0,11
univers,0,1,16,0
loadderivedargu,0,0,0,2
primarili,0,0,0,1
nonesubset,0,8,0,0
within,0,17,2,2
pegasusrc,0,0,0,5
steven,0,0,8,0
ensur,0,0,0,4
ellipse,0,26,0,0
pilimag,0,0,2,0
rows,0,14,0,0
triangl,0,2,0,0
xmlschema,0,0,0,4
errno,0,0,0,5
validateworkflowextract,0,0,0,2
question,0,0,1,0
removednir,0,8,0,0
outdirpath,0,3,0,0
includ,0,6,5,3
forward,0,1,0,0
paren,0,0,0,10
analyze,0,40,0,0
files,0,2,0,0
filer,0,0,0,1
properli,0,3,0,1
inches,0,2,0,0
antialia,0,0,3,0
gauss,0,1,0,1
pyxit,0,0,328,0
properly,0,1,0,0
link,1,5,0,8
translat,0,0,0,18
delta,0,6,8,0
line,13,100,15,13
outputimag,0,0,0,2
info,0,8,0,20
concaten,0,5,6,0
utf,1,12,17,0
idlist,0,0,0,2
vmin,0,2,0,0
addjob,0,0,0,17
dom,0,0,0,3
up,0,3,2,0
us,0,2,35,0
groovi,0,0,5,0
floodfil,0,0,0,5
highlight,0,4,0,0
readlin,1,4,2,3
z,0,23,16,14
similar,0,4,0,3
laplace,0,8,0,0
curv,0,1,0,0
constant,0,0,1,5
fluotv,0,0,0,1
tspt,0,3,0,0
parser,0,174,35,0
repres,1,0,1,3
single,0,4,0,0
dicitonari,0,0,0,2
writeroi,0,0,0,2
ydiff,0,2,0,0
rainbow,0,7,0,0
polygon,0,0,70,0
grp,0,2,0,0
startdat,0,1,0,0
titl,0,7,0,7
datacolumns,0,2,0,0
nan,0,8,0,0
invalid,0,1,1,33
nam,0,139,24,1
grouped,0,20,0,0
normcol,0,6,0,0
getbound,0,0,0,3
stepnum,0,0,0,3
splitimg,0,8,0,0
figsize,0,1,0,0
nice,0,0,0,1
iinfo,0,0,1,0
draw,0,4,2,2
newmask,0,14,0,0
binar,0,2,1,0
meaning,0,0,0,1
amplitud,0,2,0,0
structure,0,1,60,0
validateworkflowopt,0,0,0,2
furthest,0,1,0,0
svm,0,0,60,0
e,0,56,12,20
algorithm,0,2,0,11
vice,0,1,0,0
agg,0,7,0,0
svg,0,9,0,0
required,0,57,0,0
svc,0,0,6,0
hsplit,0,3,0,0
evenli,0,1,0,0
discrimin,0,0,1,0
depth,0,1,44,9
inout,0,0,0,10
svx,0,10,0,0
svy,0,4,0,0
mstat,0,0,1,0
profil,0,0,0,29
jobcount,0,5,0,0
code,1,1,19,15
partial,0,10,0,0
edg,0,20,0,8
funct,0,4,0,0
maxpoint,0,0,3,0
queri,0,62,0,29
watersh,0,14,0,0
results,0,4,0,0
binlist,0,0,0,17
ellips,0,29,0,3
inrang,0,0,0,5
centerx,0,0,0,2
centery,0,0,0,1
go,0,2,1,0
query,0,15,0,0
gm,0,1,0,0
centerp,0,2,0,0
vangl,0,6,0,0
compact,0,0,0,1
privat,0,0,7,0
newfolder,0,10,0,0
contours,0,31,0,0
excluded,0,0,9,0
newfold,0,4,0,0
fatal,0,71,0,0
minenclosingcircl,0,0,0,1
wb,0,0,4,0
labels,0,1,0,1
applycolormap,0,3,0,0
csvfile,0,6,0,0
dimfromroi,0,0,0,10
relev,0,0,0,1
tri,0,24,16,24
validateargumentrequir,0,0,0,2
getstate,0,0,2,0
loadfil,0,0,0,6
signalall,0,2,0,0
listtosql,0,0,0,8
fileextens,0,0,0,6
nbzonesheight,0,0,2,0
stddev,0,0,10,0
blocksiz,0,0,0,5
tru,0,179,39,0
databaseerror,0,0,0,1
pleas,0,0,0,1
impli,0,0,16,5
smaller,0,2,0,0
caubo,0,0,1,0
iplant,0,0,0,1
natur,0,2,0,0
colorv,0,3,0,0
binheader,0,2,0,0
crop,0,40,37,14
uniqu,0,39,5,0
fold,0,2,19,0
download,0,3,29,0
adaptivethresholdfilt,0,0,2,0
dagman,0,0,0,1
odd,0,2,0,6
outputdir,0,0,0,33
append,3,298,41,58
compat,0,3,0,0
index,0,102,30,102
copyfil,0,3,0,14
signalnorm,0,3,0,0
compar,0,0,0,4
ycr,0,0,0,10
affin,0,0,3,0
access,0,0,1,0
visout,0,3,0,0
experiment,0,1,1,0
randomforestclassifi,0,0,2,0
validateargu,0,0,0,5
multivariate,0,0,2,0
perimet,0,13,0,0
binfil,0,0,0,4
iteritem,0,1,0,0
got,0,0,1,0
len,4,165,66,38
desired,0,0,2,0
objects,0,6,0,0
let,0,7,0,2
getmergedcontour,0,0,0,3
ioerror,0,24,3,2
otsufilt,0,0,2,0
becom,0,1,0,1
sinc,0,2,0,0
jointli,0,0,1,0
convert,0,17,16,9
ntreess,0,0,3,0
backgroundsubtractormog,0,2,0,0
dtyp,0,2,1,0
dilat,0,11,2,2
larger,0,1,2,1
nirpath,0,13,0,0
chang,0,23,1,0
makes,0,0,2,0
extractdimsfromroi,0,0,0,1
cilent,0,0,1,0
composed,0,2,0,0
appli,0,23,17,8
approxim,0,2,0,0
wil,0,1,0,0
foundat,0,0,0,5
slid,0,0,22,0
private,0,0,64,1
scaled,0,25,0,0
boolean,0,1,3,3
names,0,2,0,0
apply,0,20,0,0
getus,0,0,0,1
nbzoneswidth,0,0,2,0
use,0,121,51,51
nirrow,0,2,0,0
from,0,0,26,0
zip,0,63,1,3
commun,0,0,1,0
doubl,0,2,1,1
next,0,2,4,1
normsign,0,14,0,0
camera,0,117,0,0
usr,0,27,0,0
postprocess,0,0,3,0
toprettyxml,0,0,0,2
remaind,0,1,0,0
sort,14,10,0,0
src,0,5,0,0
rc,0,0,0,9
heir,0,1,0,0
pfn,0,0,0,3
train,0,17,15,2
childcol,0,0,0,3
normalized,0,12,0,0
eccentricity,0,2,0,0
ok,0,0,1,0
harvest,0,0,0,20
resize,0,27,7,1
xdiff,0,4,0,0
high,0,4,0,10
chdir,0,0,3,0
retriev,0,8,8,0
bestlabel,0,0,0,1
f,0,18,48,41
jtype,0,0,0,4
arang,0,3,8,0
annot,0,0,182,0
templatekey,0,0,0,60
osgconnect,0,0,0,1
magnif,0,0,3,0
island,0,23,0,0
meet,0,2,0,0
datamin,0,0,2,0
fetch,0,0,23,0
control,0,0,0,9
sqlite,0,83,0,13
tar,0,0,0,5
process,0,29,16,22
deepcopi,0,0,0,1
visnam,0,3,0,0
lenori,0,2,0,0
tag,0,0,0,1
tab,0,11,5,0
addexecut,0,0,0,3
xmin,0,9,0,0
hit,0,0,6,0
serial,0,0,0,4
kurtknecht,0,0,0,1
dwp,0,0,5,0
filepath,0,3,0,3
afd,0,0,1,0
siz,0,4,17,0
namespace,0,0,0,3
delay,0,0,5,0
forest,0,0,49,0
configfil,0,0,0,9
bmask,0,3,0,0
exterior,0,0,4,0
instead,0,5,2,11
emptyr,0,0,0,3
sin,0,2,2,0
showwkt,0,0,4,0
seedmask,0,0,0,9
blocks,1,0,5,0
equalize,0,0,0,2
outlier,0,4,0,0
stop,0,3,1,2
maskv,0,59,0,0
blackhat,0,0,0,3
noney,0,4,0,0
nonex,0,10,0,0
createsubmit,0,0,0,4
notebook,0,2,0,0
inst,0,0,35,4
npz,0,33,0,0
ptval,0,6,0,0
drawcontour,0,45,0,3
outdir,0,138,0,0
totdata,0,0,1,0
xmlns,0,0,0,4
contourcut,0,0,0,2
light,0,37,0,0
cofram,0,2,0,0
counter,0,24,0,0
correspond,0,3,5,17
or,0,14,6,7
issu,1,0,0,1
writ,0,10,0,0
binx,0,3,0,1
allow,0,7,2,10
minlength,0,0,3,0
retval,0,2,0,0
bins,0,25,0,0
longest,0,9,0,0
sitch,0,3,0,0
elif,0,153,15,19
solv,0,0,0,1
move,0,7,0,1
iteration,0,0,0,1
validateargumentdictionari,0,0,0,2
comma,0,2,1,0
cvtcolor,0,27,0,9
basequeri,0,0,0,5
getpixel,0,0,1,0
labelmap,0,0,0,3
unigroup,0,3,0,0
downsampl,0,1,0,0
la,0,2,0,0
chosen,0,0,0,1
tsd,0,2,0,0
euc,0,14,0,0
li,0,0,16,0
lw,0,1,0,0
lr,0,0,2,0
lp,0,14,0,0
total,0,19,1,5
clusters,0,3,0,0
therefor,0,1,0,0
pixel,0,41,32,44
timeinterval,0,2,0,0
mblur,0,6,0,0
greater,0,9,0,3
python,0,33,2,5
auto,0,37,1,0
subdirectori,0,1,0,0
dat,0,9,0,0
subtraction,0,3,0,0
rotation,0,11,0,0
dax,0,0,0,90
day,0,16,0,0
warranti,0,0,16,10
multiprocess,0,3,1,0
follwo,0,0,0,1
anyth,0,1,0,0
edit,0,0,1,0
rmean,0,0,0,2
exnam,0,0,0,2
subchannel,0,3,0,0
slide,0,0,24,0
mode,0,28,24,5
truth,0,14,0,0
fmask,0,6,0,0
subset,0,81,2,2
arkansa,0,1,0,0
map,0,74,20,17
chunk,0,0,1,7
inverted,0,3,0,0
meta,0,99,0,20
remove,0,0,0,2
loadstructur,0,0,0,2
frac,0,0,0,3
meth,0,0,0,10
bay,0,24,0,0
extractfinalpath,0,0,0,2
metavar,0,0,2,0
out,0,24,0,0
variabl,0,12,1,10
showmeta,0,0,1,0
matrix,0,12,13,0
contigu,0,1,0,0
res,0,5,0,2
calip,0,3,0,0
rev,0,2,0,0
psii,0,1,0,0
ret,0,7,0,2
include,0,0,2,0
geom,0,0,11,0
clockwis,0,1,0,0
rel,0,0,0,1
isfinit,0,2,0,0
allfil,0,4,0,0
rec,0,6,0,0
adaptive,0,18,1,6
ref,0,0,0,23
red,0,16,0,3
statist,0,0,3,16
dbfile,0,0,0,4
insid,0,5,0,0
workflow,0,0,1,198
retrieved,0,0,2,0
columnexist,0,0,0,4
dictionari,0,48,0,27
rdata,0,0,0,4
releas,0,0,1,0
ymax,0,9,0,0
indent,4,0,0,1
g,0,26,34,33
could,1,3,2,13
mac,0,0,0,1
cytomine,0,0,966,0
keep,0,13,2,3
length,0,26,14,0
templatepath,0,0,0,3
coimg,0,28,0,0
geometri,0,0,65,0
upscal,0,0,1,0
concat,0,16,0,0
ndim,0,0,4,0
softwar,0,0,180,10
echo,0,0,0,12
meanshift,0,0,0,4
plantbarcod,0,8,0,0
exinput,0,0,0,17
loadresourc,0,0,0,10
has,0,0,0,2
xxoutput,0,0,1,0
unknown,0,1,0,3
licens,0,1,144,25
mkdir,0,9,3,0
notfiltered,0,14,0,0
messag,0,9,1,0
publickey,0,0,11,0
termid,0,0,2,0
termin,0,3,10,3
npr,0,0,21,0
final,3,2,4,23
tilevar,0,0,4,0
shell,0,5,0,0
adaptor,0,11,0,0
stress,0,0,0,7
biggest,0,0,8,0
fontsize,0,3,0,0
tissu,0,0,2,0
exactli,0,1,0,1
zones,0,0,22,0
morph,0,0,0,15
addannotationterm,0,0,1,0
yend,0,0,0,19
nonebase,0,4,0,0
structur,2,9,3,19
charact,0,5,0,2
rowdata,0,0,0,3
xlabel,0,2,0,0
newhist,0,8,0,0
result,1,81,8,52
warpaffin,0,1,0,0
clip,0,0,0,3
validatedatafil,0,0,0,2
basepath,0,0,0,98
deprec,0,0,1,0
fail,0,8,0,0
vandael,0,0,16,0
tabl,1,65,0,74
need,0,20,3,4
element,0,1,0,0
border,0,1,5,30
ylim,0,1,0,0
sumcol,0,6,0,0
nirsnapshot,0,3,0,0
angle,0,0,4,0
inform,0,12,1,27
nmin,0,0,3,0
rout,0,3,1,0
mid,0,8,0,0
strptime,0,0,0,2
loupp,0,0,5,0
fxn,0,8,0,0
vertici,0,1,0,0
detector,0,0,3,0
mit,0,1,0,0
singl,0,17,5,1
selectori,0,2,0,0
unless,0,0,16,0
joblib,0,0,8,0
device,0,209,0,0
comparison,0,0,0,5
segment,0,8,20,2
class,0,88,78,19
url,0,0,12,12
gather,1,0,0,0
request,0,3,0,0
valuecolumn,0,0,0,4
snapshot,0,91,0,2
validateconfig,0,0,0,3
determin,0,1,1,4
indb,0,0,0,2
datafram,0,2,0,1
outputdb,0,0,0,2
text,0,54,0,1
filetyp,0,0,0,9
verbos,0,0,86,0
signaldata,0,8,0,0
totalrecognized,0,0,2,0
ha,0,0,3,0
locat,0,3,19,2
nois,0,1,0,0
setaria,0,6,0,0
temp,0,0,0,1
cache,0,0,8,0
jar,0,0,2,0
rast,0,0,3,0
avgnormnonedata,0,18,0,0
candidates,0,0,1,0
neighboordhood,0,0,1,0
statsimageid,0,0,2,0
local,0,6,32,21
hope,0,0,0,5
meant,1,1,0,0
cfdaee,0,0,1,0
masksize,0,1,0,0
handle,0,0,0,8
contribut,0,1,1,0
beat,0,0,0,1
addweight,0,0,0,4
imgnam,0,9,0,18
joint,0,2,0,0
validatedatavalu,0,0,0,2
increas,0,3,1,2
shp,0,3,0,0
gray,0,154,5,31
processes,0,1,0,0
formatter,0,3,0,0
enabl,0,0,0,1
grayscal,0,29,0,4
h,0,224,29,34
watershed,0,37,0,0
qc,0,7,0,0
imgfold,0,8,0,0
integr,0,0,0,2
contain,0,24,4,12
grab,0,13,0,0
fixed,0,0,21,1
dpi,0,1,0,0
view,0,5,0,3
nresiz,0,1,0,0
modulo,0,2,0,0
newnames,0,2,0,0
argmax,0,6,3,0
redmean,0,0,0,1
frame,0,67,0,0
imread,0,106,5,1
gmail,0,0,2,0
closer,0,2,0,0
isnan,0,2,0,0
stats,0,0,0,21
correctli,0,1,0,2
pattern,0,14,40,0
boundari,0,20,0,0
timenow,0,14,0,0
padminx,0,0,0,1
written,1,1,1,1
closed,0,1,0,0
nn,0,0,2,0
progress,0,0,45,0
boundary,0,36,0,0
thumbnail,0,4,1,0
optimizedcod,0,0,1,0
endx,0,0,10,0
transpose,0,4,3,0
itertool,0,0,0,1
job,0,76,394,257
entir,0,5,0,3
fromregex,0,2,0,0
key,1,44,158,384
endi,0,0,10,0
useless,0,0,1,0
writeblank,0,0,0,25
addit,0,2,0,3
corrcoef,0,0,0,1
equal,0,19,0,2
instanc,0,1,4,1
atleast,0,1,2,0
totalrow,0,0,5,0
allpath,0,5,0,0
ll,0,2,0,0
strftime,0,14,24,3
wr,0,0,7,0
ci,0,1,0,0
removedsnapshots,0,1,0,0
co,0,1,2,0
vissnapshot,0,3,0,0
cm,0,7,29,0
cl,0,11,0,0
cb,0,0,0,10
ca,0,1,0,2
njob,0,0,18,0
argumentpars,0,25,0,0
indici,0,2,0,0
walk,0,7,0,3
modif,0,0,0,3
orimg,0,4,0,0
cy,0,14,6,0
cx,0,11,6,0
table,2,39,0,10
cp,0,0,2,0
cv,0,612,76,169
quit,0,3,0,1
shiftavg,0,2,0,0
contributors,0,0,16,0
decent,0,2,0,0
cent,0,0,0,2
compon,0,3,63,5
fract,0,0,3,0
json,0,0,0,55
accept,0,3,0,0
treat,0,2,0,2
userjob,0,0,24,0
fillpoli,0,2,0,0
immedi,0,1,0,0
define,0,34,0,0
oth,0,1,0,0
senset,0,1,0,0
searchpoint,0,0,4,0
nirfil,0,4,0,0
assert,0,135,5,0
pbar,0,0,2,0
togeth,1,2,0,1
angles,0,16,0,0
iloc,0,2,0,0
visabl,0,1,0,0
replic,0,0,0,4
multi,0,13,0,6
idproject,0,0,5,0
plain,0,1,0,0
dstack,0,8,0,0
harder,0,0,0,1
value,0,7,1,0
rectangular,0,4,2,0
cursor,0,59,0,0
defin,0,18,9,24
depthss,0,0,4,0
countnonzero,0,3,0,2
observ,0,0,0,2
rename,0,2,0,0
angrang,0,0,3,0
helper,0,0,2,1
ensembl,0,0,3,0
vh,0,9,0,0
vi,0,76,0,0
mormont,0,0,4,0
site,0,7,0,43
avr,0,4,0,0
vs,0,0,1,0
createarglist,0,0,0,2
ave,0,34,0,0
revis,1,0,0,0
avg,0,16,0,0
stagein,0,0,0,1
wkt,0,0,19,0
incr,0,3,0,0
valmin,0,2,0,0
dilate,0,3,5,0
cross,0,0,5,3
sqrt,0,17,4,3
handl,0,4,0,3
largest,0,20,0,0
probabl,0,9,2,0
fetchon,0,0,0,8
dedent,0,0,0,9
listdir,0,6,5,0
imgname,0,13,0,1
http,0,3,36,38
cubic,0,0,1,0
maxlength,0,0,0,3
upon,0,0,0,2
logfil,0,0,0,5
distutil,0,3,2,1
login,0,0,0,1
pseudocolor,0,14,0,0
nx,0,0,9,0
off,0,8,0,0
center,0,95,0,18
i,0,81,26,3
indnan,0,9,0,0
builder,0,7,5,0
well,0,4,0,9
versatil,0,0,0,3
exampl,0,2,1,3
command,0,34,7,0
choos,0,1,1,0
position,0,11,0,0
outputfilenam,0,0,3,0
typemap,0,0,0,1
loadexecut,0,0,0,4
usual,0,5,0,2
restore,0,0,0,1
taller,0,0,0,1
mfc,0,1,0,0
unscal,0,2,0,0
less,0,5,0,3
idterm,0,0,1,0
gaussian,0,28,1,10
obtain,0,3,16,0
sources,0,0,1,0
wback,0,15,0,0
prepend,0,1,0,0
tight,0,2,0,0
writeim,0,0,0,3
algoannotationterm,0,0,7,0
makefil,0,0,0,2
exempl,0,0,1,0
add,0,167,311,26
valid,0,20,13,185
densiti,0,9,0,1
buffer,0,0,1,0
lookup,0,23,0,0
adj,0,165,0,0
ravel,0,9,0,1
match,1,25,2,15
saturation,0,2,0,0
inputimag,0,0,0,2
outnam,0,0,0,4
flood,0,0,0,5
dest,0,0,212,0
extractmo,0,0,0,2
getopt,0,0,2,0
belgium,0,0,16,0
redesign,0,0,1,0
loader,0,0,0,31
recurs,1,0,0,1
insert,0,1,0,12
like,0,5,2,2
success,0,1,2,8
malia,0,1,0,0
metafil,0,0,0,3
necessari,0,2,0,1
xsd,0,0,0,4
lose,0,0,0,1
async,0,1,4,0
resiz,0,23,7,27
xsi,0,0,0,8
rote,0,0,3,0
revers,0,1,0,0
bluemedian,0,0,0,1
jsonwrit,0,0,0,4
kde,0,5,0,0
postproc,0,0,9,0
export,0,4,1,3
convex,0,5,0,4
home,0,2,4,1
conver,0,0,0,1
librari,2,1,0,0
dirsplit,0,2,0,0
tmp,0,0,29,6
leaf,0,1,5,1
avgnormsignal,0,2,0,0
avoid,0,0,2,0
overlap,0,2,10,0
pseudolandmark,0,25,0,0
estim,0,2,44,0
leav,0,0,5,0
masked,0,28,0,0
hstack,0,19,1,0
importerror,0,1,0,0
enum,0,0,1,0
usag,0,0,2,0
symlink,0,0,0,2
fluosv,0,0,0,2
host,0,0,76,0
offset,0,0,24,0
r,2,109,78,54
maprc,0,0,0,3
tilestddev,0,0,7,0
stage,0,0,0,7
ndi,0,2,0,0
trgb,0,0,8,0
identifier,0,0,2,0
actual,1,2,0,8
socket,0,0,15,0
column,0,51,3,43
seedi,0,0,0,1
ktermin,0,0,0,3
statement,0,0,0,1
constructor,0,26,1,0
seedx,0,0,0,1
ti,0,0,1,0
disabl,0,0,1,0
software,0,0,57,0
allhead,0,0,0,11
kmeans,0,0,0,2
automat,0,1,0,2
dataset,0,0,14,0
diagon,0,0,2,0
empti,0,12,6,2
estimators,0,0,7,0
tarbal,0,0,0,3
hysteresi,0,0,0,2
merg,0,19,1,6
processor,0,0,2,0
val,0,26,0,77
pc,0,0,14,0
transfer,0,0,1,38
ghist,0,0,0,2
maxvalu,0,17,0,0
inner,8,40,0,0
trdata,0,0,2,0
localtim,0,0,21,0
eg,0,0,14,0
fdark,0,29,0,0
function,0,42,7,104
pixit,0,0,2,0
finalnir,0,2,0,0
startsingl,0,0,4,0
hr,0,0,7,0
keyerror,0,1,0,7
histogram,0,64,0,33
hh,0,2,0,0
gain,0,1,0,0
highest,0,4,9,0
getimagetyp,0,0,0,10
count,0,63,33,14
made,0,6,0,0
boundingrect,0,18,0,2
displac,0,0,1,0
whether,0,4,2,7
nu,0,0,0,1
argumentdefaultshelpformatt,0,3,0,0
j,0,112,48,10
writeabl,0,1,0,0
flip,0,24,2,0
below,0,38,0,0
converted,0,0,8,0
limit,0,2,16,2
redmedian,0,0,0,1
otherwis,0,3,0,2
problem,0,2,2,0
pm,0,0,0,2
display,0,2,2,3
zebra,0,0,5,0
pil,0,0,18,0
evalu,0,1,1,0
int,0,23,87,2
mask,0,559,136,20
inv,0,27,0,1
pid,0,2,0,0
pix,0,6,0,0
replica,0,0,0,5
ind,4,53,0,1
ine,0,3,0,0
inf,0,2,0,0
extractdimens,0,0,0,2
globu,0,0,0,1
inc,0,8,8,0
formattedev,0,0,0,3
gmed,0,0,0,2
percent,0,21,0,0
detail,0,0,0,6
mast,0,1,0,1
bool,0,10,33,8
futur,0,0,8,0
rememb,0,0,0,1
mass,0,18,0,0
baselin,0,5,0,0
renaud,0,0,2,0
stat,0,4,6,59
repeat,0,0,1,0
fintimestamp,0,16,0,0
fluor,0,16,0,0
homolog,0,9,0,0
ndarray,0,30,0,19
nrow,0,8,0,0
validateworkflowjob,0,0,0,2
apertures,0,0,0,6
rule,0,1,0,1
dbid,0,0,0,20
parsestr,0,0,0,2
validation,0,0,12,0
rep,0,0,19,0
